{
    "name": "root",
    "gauges": {
        "TunnelDriverTest.Policy.Entropy.mean": {
            "value": 1.2611867189407349,
            "min": 1.2610795497894287,
            "max": 1.2729904651641846,
            "count": 40
        },
        "TunnelDriverTest.Policy.Entropy.sum": {
            "value": 62655.75390625,
            "min": 61893.5234375,
            "max": 64869.05078125,
            "count": 40
        },
        "TunnelDriverTest.Environment.EpisodeLength.mean": {
            "value": 56.500575373993094,
            "min": 54.56111111111111,
            "max": 74.26466165413534,
            "count": 40
        },
        "TunnelDriverTest.Environment.EpisodeLength.sum": {
            "value": 49099.0,
            "min": 48533.0,
            "max": 49860.0,
            "count": 40
        },
        "TunnelDriverTest.Step.mean": {
            "value": 9999960.0,
            "min": 8049972.0,
            "max": 9999960.0,
            "count": 40
        },
        "TunnelDriverTest.Step.sum": {
            "value": 9999960.0,
            "min": 8049972.0,
            "max": 9999960.0,
            "count": 40
        },
        "TunnelDriverTest.Policy.ExtrinsicValueEstimate.mean": {
            "value": -1.350631833076477,
            "min": -1.5781713724136353,
            "max": -1.1964653730392456,
            "count": 40
        },
        "TunnelDriverTest.Policy.ExtrinsicValueEstimate.sum": {
            "value": -1173.6990966796875,
            "min": -1237.154296875,
            "max": -835.342529296875,
            "count": 40
        },
        "TunnelDriverTest.Environment.CumulativeReward.mean": {
            "value": -2.7941980296081432,
            "min": -3.5591653838884794,
            "max": -2.5577923313486908,
            "count": 40
        },
        "TunnelDriverTest.Environment.CumulativeReward.sum": {
            "value": -2428.1580877294764,
            "min": -2455.445142544806,
            "max": -2302.0130982138216,
            "count": 40
        },
        "TunnelDriverTest.Policy.ExtrinsicReward.mean": {
            "value": -2.7941980296081432,
            "min": -3.5591653838884794,
            "max": -2.5577923313486908,
            "count": 40
        },
        "TunnelDriverTest.Policy.ExtrinsicReward.sum": {
            "value": -2428.1580877294764,
            "min": -2455.445142544806,
            "max": -2302.0130982138216,
            "count": 40
        },
        "TunnelDriverTest.Losses.PolicyLoss.mean": {
            "value": 0.022551083576011783,
            "min": 0.020977702891468653,
            "max": 0.029037008056620833,
            "count": 40
        },
        "TunnelDriverTest.Losses.PolicyLoss.sum": {
            "value": 0.11275541788005891,
            "min": 0.08391081156587461,
            "max": 0.14518504028310417,
            "count": 40
        },
        "TunnelDriverTest.Losses.ValueLoss.mean": {
            "value": 0.2214044351379077,
            "min": 0.16148842612902323,
            "max": 3.1840182529886567,
            "count": 40
        },
        "TunnelDriverTest.Losses.ValueLoss.sum": {
            "value": 1.1070221756895384,
            "min": 0.708482631544272,
            "max": 15.920091264943283,
            "count": 40
        },
        "TunnelDriverTest.Policy.LearningRate.mean": {
            "value": 7.289797570399963e-07,
            "min": 7.289797570399963e-07,
            "max": 5.922714525764499e-05,
            "count": 40
        },
        "TunnelDriverTest.Policy.LearningRate.sum": {
            "value": 3.6448987851999817e-06,
            "min": 3.6448987851999817e-06,
            "max": 0.0002891080036308,
            "count": 40
        },
        "TunnelDriverTest.Policy.Epsilon.mean": {
            "value": 0.10024296000000002,
            "min": 0.10024296000000002,
            "max": 0.11974235500000001,
            "count": 40
        },
        "TunnelDriverTest.Policy.Epsilon.sum": {
            "value": 0.5012148000000001,
            "min": 0.40701173,
            "max": 0.5963692,
            "count": 40
        },
        "TunnelDriverTest.Policy.Beta.mean": {
            "value": 2.212370399999994e-05,
            "min": 2.212370399999994e-05,
            "max": 0.0009951435145,
            "count": 40
        },
        "TunnelDriverTest.Policy.Beta.sum": {
            "value": 0.0001106185199999997,
            "min": 0.0001106185199999997,
            "max": 0.004858823080000002,
            "count": 40
        },
        "TunnelDriverTest.IsTraining.mean": {
            "value": 1.0,
            "min": 1.0,
            "max": 1.0,
            "count": 40
        },
        "TunnelDriverTest.IsTraining.sum": {
            "value": 1.0,
            "min": 1.0,
            "max": 1.0,
            "count": 40
        }
    },
    "metadata": {
        "timer_format_version": "0.1.0",
        "start_time_seconds": "1706737984",
        "python_version": "3.9.13 (main, Oct 13 2022, 21:23:06) [MSC v.1916 64 bit (AMD64)]",
        "command_line_arguments": "C:\\Users\\vorgo\\anaconda3\\envs\\MLAgents\\Scripts\\mlagents-learn config/config.yaml --run-id=OnceMoreIntoTheTunnel10 --resume",
        "mlagents_version": "0.30.0",
        "mlagents_envs_version": "0.30.0",
        "communication_protocol_version": "1.5.0",
        "pytorch_version": "2.1.2+cpu",
        "numpy_version": "1.21.2",
        "end_time_seconds": "1706742640"
    },
    "total": 4655.1645152,
    "count": 1,
    "self": 0.033703699999932724,
    "children": {
        "run_training.setup": {
            "total": 0.09676879999999999,
            "count": 1,
            "self": 0.09676879999999999
        },
        "TrainerController.start_learning": {
            "total": 4655.0340427,
            "count": 1,
            "self": 5.466357200056336,
            "children": {
                "TrainerController._reset_env": {
                    "total": 7.0365136999999995,
                    "count": 1,
                    "self": 7.0365136999999995
                },
                "TrainerController.advance": {
                    "total": 4642.485651199944,
                    "count": 358079,
                    "self": 5.18750789976184,
                    "children": {
                        "env_step": {
                            "total": 4243.731283000052,
                            "count": 358079,
                            "self": 3991.815390500059,
                            "children": {
                                "SubprocessEnvManager._take_step": {
                                    "total": 248.18822829988017,
                                    "count": 358079,
                                    "self": 16.866894099906403,
                                    "children": {
                                        "TorchPolicy.evaluate": {
                                            "total": 231.32133419997376,
                                            "count": 333369,
                                            "self": 231.32133419997376
                                        }
                                    }
                                },
                                "workers": {
                                    "total": 3.727664200112681,
                                    "count": 358079,
                                    "self": 0.0,
                                    "children": {
                                        "worker_root": {
                                            "total": 4640.175281400043,
                                            "count": 358079,
                                            "is_parallel": true,
                                            "self": 936.2675001000825,