{
    "name": "root",
    "gauges": {
        "TestDrive01.Policy.Entropy.mean": {
            "value": 1.4107095003128052,
            "min": 1.4107095003128052,
            "max": 1.431549310684204,
            "count": 38
        },
        "TestDrive01.Policy.Entropy.sum": {
            "value": 70456.4765625,
            "min": 70456.4765625,
            "max": 71883.515625,
            "count": 38
        },
        "TestDrive01.Step.mean": {
            "value": 1899955.0,
            "min": 49956.0,
            "max": 1899955.0,
            "count": 38
        },
        "TestDrive01.Step.sum": {
            "value": 1899955.0,
            "min": 49956.0,
            "max": 1899955.0,
            "count": 38
        },
        "TestDrive01.Policy.ExtrinsicValueEstimate.mean": {
            "value": -0.36778444051742554,
            "min": -0.7852822542190552,
            "max": -0.33612626791000366,
            "count": 38
        },
        "TestDrive01.Policy.ExtrinsicValueEstimate.sum": {
            "value": -310.7778625488281,
            "min": -716.1774291992188,
            "max": -297.47174072265625,
            "count": 38
        },
        "TestDrive01.Environment.EpisodeLength.mean": {
            "value": 269.81081081081084,
            "min": 143.53623188405797,
            "max": 275.9230769230769,
            "count": 38
        },
        "TestDrive01.Environment.EpisodeLength.sum": {
            "value": 49915.0,
            "min": 49319.0,
            "max": 50218.0,
            "count": 38
        },
        "TestDrive01.Environment.CumulativeReward.mean": {
            "value": -1.01675675781192,
            "min": -3.2752161307735483,
            "max": -1.0058510638773441,
            "count": 38
        },
        "TestDrive01.Environment.CumulativeReward.sum": {
            "value": -188.1000001952052,
            "min": -808.9783843010664,
            "max": -182.70000009983778,
            "count": 38
        },
        "TestDrive01.Policy.ExtrinsicReward.mean": {
            "value": -1.01675675781192,
            "min": -3.2752161307735483,
            "max": -1.0058510638773441,
            "count": 38
        },
        "TestDrive01.Policy.ExtrinsicReward.sum": {
            "value": -188.1000001952052,
            "min": -808.9783843010664,
            "max": -182.70000009983778,
            "count": 38
        },
        "TestDrive01.Losses.PolicyLoss.mean": {
            "value": 0.023439337923191486,
            "min": 0.020742918118291223,
            "max": 0.027544112334726378,
            "count": 38
        },
        "TestDrive01.Losses.PolicyLoss.sum": {
            "value": 0.11719668961595743,
            "min": 0.08297167247316489,
            "max": 0.1356369749487688,
            "count": 38
        },
        "TestDrive01.Losses.ValueLoss.mean": {
            "value": 0.0011596979813960691,
            "min": 0.0005919208424165845,
            "max": 0.29582530036568644,
            "count": 38
        },
        "TestDrive01.Losses.ValueLoss.sum": {
            "value": 0.005798489906980345,
            "min": 0.0029596042120829226,
            "max": 1.253381965061029,
            "count": 38
        },
        "TestDrive01.Policy.LearningRate.mean": {
            "value": 7.548681883775201e-05,
            "min": 7.548681883775201e-05,
            "max": 0.00029691135102955,
            "count": 38
        },
        "TestDrive01.Policy.LearningRate.sum": {
            "value": 0.00037743409418876004,
            "min": 0.00032416541194495987,
            "max": 0.0014568380543873197,
            "count": 38
        },
        "TestDrive01.Policy.Epsilon.mean": {
            "value": 0.125162248,
            "min": 0.125162248,
            "max": 0.19897045000000002,
            "count": 38
        },
        "TestDrive01.Policy.Epsilon.sum": {
            "value": 0.62581124,
            "min": 0.5080550400000001,
            "max": 0.9856126800000001,
            "count": 38
        },
        "TestDrive01.Policy.Beta.mean": {
            "value": 0.0012655961751999998,
            "min": 0.0012655961751999998,
            "max": 0.004948625455,
            "count": 38
        },
        "TestDrive01.Policy.Beta.sum": {
            "value": 0.0063279808759999995,
            "min": 0.005431946496,
            "max": 0.024282072731999997,
            "count": 38
        },
        "TestDrive01.IsTraining.mean": {
            "value": 1.0,
            "min": 1.0,
            "max": 1.0,
            "count": 38
        },
        "TestDrive01.IsTraining.sum": {
            "value": 1.0,
            "min": 1.0,
            "max": 1.0,
            "count": 38
        }
    },
    "metadata": {
        "timer_format_version": "0.1.0",
        "start_time_seconds": "1703512410",
        "python_version": "3.9.13 (main, Oct 13 2022, 21:23:06) [MSC v.1916 64 bit (AMD64)]",
        "command_line_arguments": "C:\\Users\\vorgo\\anaconda3\\envs\\MLAgents\\Scripts\\mlagents-learn config/config.yaml --run-id=DriveTestTrack01",
        "mlagents_version": "0.30.0",
        "mlagents_envs_version": "0.30.0",
        "communication_protocol_version": "1.5.0",
        "pytorch_version": "2.1.2+cpu",
        "numpy_version": "1.21.2",
        "end_time_seconds": "1703515648"
    },
    "total": 3237.3001699,
    "count": 1,
    "self": 0.00555209999993167,
    "children": {
        "run_training.setup": {
            "total": 0.08895350000000013,
            "count": 1,
            "self": 0.08895350000000013
        },
        "TrainerController.start_learning": {
            "total": 3237.2056643,
            "count": 1,
            "self": 5.708781300059854,
            "children": {
                "TrainerController._reset_env": {
                    "total": 5.942598899999999,
                    "count": 1,
                    "self": 5.942598899999999
                },
                "TrainerController.advance": {
                    "total": 3225.50673669994,
                    "count": 248789,
                    "self": 5.465766499935398,
                    "children": {
                        "env_step": {
                            "total": 2389.8570056999756,
                            "count": 248789,
                            "self": 2059.5335485000287,
                            "children": {
                                "SubprocessEnvManager._take_step": {
                                    "total": 326.4849077999916,
                                    "count": 248789,
                                    "self": 18.952602899962812,
                                    "children": {
                                        "TorchPolicy.evaluate": {
                                            "total": 307.5323049000288,
                                            "count": 241593,
                                            "self": 307.5323049000288
                                        }
                                    }
                                },
                                "workers": {
                                    "total": 3.8385493999550775,
                                    "count": 248789,
                                    "self": 0.0,
                                    "children": {
                                        "worker_root": {
                                            "total": 3224.2796733999794,
                                            "count": 248789,
                                            "is_parallel": true,
                                            "self": 1512.6532529999458,
                                            "children": {
                                                "steps_from_proto": {
                                                    "total": 0.004653100000000521,
                                                    "count": 1,