{
    "name": "root",
    "gauges": {
        "TunnelDriverTest.Policy.Entropy.mean": {
            "value": 1.3995752334594727,
            "min": 1.3995752334594727,
            "max": 1.4180563688278198,
            "count": 26
        },
        "TunnelDriverTest.Policy.Entropy.sum": {
            "value": 70580.578125,
            "min": 66655.421875,
            "max": 75477.46875,
            "count": 26
        },
        "TunnelDriverTest.Environment.EpisodeLength.mean": {
            "value": 502.44554455445547,
            "min": 479.4423076923077,
            "max": 920.5555555555555,
            "count": 26
        },
        "TunnelDriverTest.Environment.EpisodeLength.sum": {
            "value": 50747.0,
            "min": 47625.0,
            "max": 52048.0,
            "count": 26
        },
        "TunnelDriverTest.Step.mean": {
            "value": 1299854.0,
            "min": 49579.0,
            "max": 1299854.0,
            "count": 26
        },
        "TunnelDriverTest.Step.sum": {
            "value": 1299854.0,
            "min": 49579.0,
            "max": 1299854.0,
            "count": 26
        },
        "TunnelDriverTest.Policy.ExtrinsicValueEstimate.mean": {
            "value": -0.9284539818763733,
            "min": -14.089615821838379,
            "max": -0.8503991365432739,
            "count": 26
        },
        "TunnelDriverTest.Policy.ExtrinsicValueEstimate.sum": {
            "value": -93.77384948730469,
            "min": -831.287353515625,
            "max": -47.622352600097656,
            "count": 26
        },
        "TunnelDriverTest.Environment.CumulativeReward.mean": {
            "value": -4.59423737475962,
            "min": -9.275962352752686,
            "max": -4.59423737475962,
            "count": 26
        },
        "TunnelDriverTest.Environment.CumulativeReward.sum": {
            "value": -464.01797485072166,
            "min": -526.6359743652865,
            "max": -464.01797485072166,
            "count": 26
        },
        "TunnelDriverTest.Policy.ExtrinsicReward.mean": {
            "value": -4.59423737475962,
            "min": -9.275962352752686,
            "max": -4.59423737475962,
            "count": 26
        },
        "TunnelDriverTest.Policy.ExtrinsicReward.sum": {
            "value": -464.01797485072166,
            "min": -526.6359743652865,
            "max": -464.01797485072166,
            "count": 26
        },
        "TunnelDriverTest.Losses.PolicyLoss.mean": {
            "value": 0.020898767866137667,
            "min": 0.020898767866137667,
            "max": 0.026909711966485096,
            "count": 26
        },
        "TunnelDriverTest.Losses.PolicyLoss.sum": {
            "value": 0.08359507146455067,
            "min": 0.08359507146455067,
            "max": 0.13454855983242547,
            "count": 26
        },
        "TunnelDriverTest.Losses.ValueLoss.mean": {
            "value": 0.016747460464520702,
            "min": 0.004383349918449918,
            "max": 3.482680978174462,
            "count": 26
        },
        "TunnelDriverTest.Losses.ValueLoss.sum": {
            "value": 0.06698984185808281,
            "min": 0.01967309449488918,
            "max": 13.930723912697848,
            "count": 26
        },
        "TunnelDriverTest.Policy.LearningRate.mean": {
            "value": 0.00020454029431991253,
            "min": 0.00020454029431991253,
            "max": 0.00029791192569602503,
            "count": 26
        },
        "TunnelDriverTest.Policy.LearningRate.sum": {
            "value": 0.0008181611772796501,
            "min": 0.0008181611772796501,
            "max": 0.0014710113096628996,
            "count": 26
        },
        "TunnelDriverTest.Policy.Epsilon.mean": {
            "value": 0.16818008750000002,
            "min": 0.16818008750000002,
            "max": 0.19930397500000002,
            "count": 26
        },
        "TunnelDriverTest.Policy.Epsilon.sum": {
            "value": 0.6727203500000001,
            "min": 0.6727203500000001,
            "max": 0.9903371000000001,
            "count": 26
        },
        "TunnelDriverTest.Policy.Beta.mean": {
            "value": 0.00341218636625,
            "min": 0.00341218636625,
            "max": 0.0049652683525,
            "count": 26
        },
        "TunnelDriverTest.Policy.Beta.sum": {
            "value": 0.013648745465,
            "min": 0.013648745465,
            "max": 0.024517821290000005,
            "count": 26
        },
        "TunnelDriverTest.IsTraining.mean": {
            "value": 1.0,
            "min": 1.0,
            "max": 1.0,
            "count": 26
        },
        "TunnelDriverTest.IsTraining.sum": {
            "value": 1.0,
            "min": 1.0,
            "max": 1.0,
            "count": 26
        }
    },
    "metadata": {
        "timer_format_version": "0.1.0",
        "start_time_seconds": "1706639711",
        "python_version": "3.9.13 (main, Oct 13 2022, 21:23:06) [MSC v.1916 64 bit (AMD64)]",
        "command_line_arguments": "C:\\Users\\vorgo\\anaconda3\\envs\\MLAgents\\Scripts\\mlagents-learn config/config.yaml --run-id=OnceMoreIntoTheTunnel04",
        "mlagents_version": "0.30.0",
        "mlagents_envs_version": "0.30.0",
        "communication_protocol_version": "1.5.0",
        "pytorch_version": "2.1.2+cpu",
        "numpy_version": "1.21.2",
        "end_time_seconds": "1706641875"
    },
    "total": 2163.3974194,
    "count": 1,
    "self": 0.008066800000051444,
    "children": {
        "run_training.setup": {
            "total": 0.07540469999999999,
            "count": 1,
            "self": 0.07540469999999999
        },
        "TrainerController.start_learning": {
            "total": 2163.3139479,
            "count": 1,
            "self": 3.321549500009496,
            "children": {
                "TrainerController._reset_env": {
                    "total": 37.803912399999994,
                    "count": 1,
                    "self": 37.803912399999994
                },
                "TrainerController.advance": {
                    "total": 2122.130703699991,
                    "count": 219749,
                    "self": 3.251015999935589,
                    "children": {
                        "env_step": {
                            "total": 1880.178761100034,
                            "count": 219749,
                            "self": 1714.09168080006,
                            "children": {
                                "SubprocessEnvManager._take_step": {
                                    "total": 163.9082576999234,
                                    "count": 219749,
                                    "self": 11.099499899943481,
                                    "children": {
                                        "TorchPolicy.evaluate": {
                                            "total": 152.80875779997993,
                                            "count": 218314,
                                            "self": 152.80875779997993
                                        }
                                    }
                                },
                                "workers": {
                                    "total": 2.1788226000507294,
                                    "count": 219748,
                                    "self": 0.0,
                                    "children": {
                                        "worker_root": {
                                            "total": 2113.3015226000293,
                                            "count": 219748,
                                            "is_parallel": true,
                                            "self": 585.1431485000574,
                                            "children": {
                                                "steps_from_proto": {
                                                    "total": 0.004807199999994793,