{
    "name": "root",
    "metadata": {
        "timer_format_version": "0.1.0",
        "start_time_seconds": "1703270910",
        "python_version": "3.9.13 (main, Oct 13 2022, 21:23:06) [MSC v.1916 64 bit (AMD64)]",
        "command_line_arguments": "C:\\Users\\vorgo\\anaconda3\\envs\\MLAgents\\Scripts\\mlagents-learn --run-id=OnceMoreDriveTest06",
        "mlagents_version": "0.30.0",
        "mlagents_envs_version": "0.30.0",
        "communication_protocol_version": "1.5.0",
        "pytorch_version": "2.1.2+cpu",
        "numpy_version": "1.21.2",
        "end_time_seconds": "1703270986"
    },
    "total": 75.5105423,
    "count": 1,
    "self": 0.006650300000003995,
    "children": {
        "run_training.setup": {
            "total": 0.0245757000000002,
            "count": 1,
            "self": 0.0245757000000002
        },
        "TrainerController.start_learning": {
            "total": 75.4793163,
            "count": 1,
            "self": 0.007395500000015431,
            "children": {
                "TrainerController._reset_env": {
                    "total": 7.507638399999999,
                    "count": 1,
                    "self": 7.507638399999999
                },
                "TrainerController.advance": {
                    "total": 67.73339639999998,
                    "count": 357,
                    "self": 0.007206499999952598,
                    "children": {
                        "env_step": {
                            "total": 67.4325295,
                            "count": 357,
                            "self": 66.84213370000002,
                            "children": {
                                "SubprocessEnvManager._take_step": {
                                    "total": 0.585780099999992,
                                    "count": 357,
                                    "self": 0.026083299999982046,
                                    "children": {
                                        "TorchPolicy.evaluate": {
                                            "total": 0.55969680000001,
                                            "count": 357,
                                            "self": 0.55969680000001
                                        }
                                    }
                                },
                                "workers": {
                                    "total": 0.004615699999991563,
                                    "count": 356,
                                    "self": 0.0,
                                    "children": {
                                        "worker_root": {
                                            "total": 6.173203300000004,
                                            "count": 356,
                                            "is_parallel": true,
                                            "self": 1.9868919000000274,
                                            "children": {
                                                "steps_from_proto": {
                                                    "total": 0.00471149999999998,
                                                    "count": 1,
                                                    "is_parallel": true,
                                                    "self": 0.00025980000000114245,
                                                    "children": {
                                                        "_process_rank_one_or_two_observation": {
                                                            "total": 0.004451699999998837,
                                                            "count": 10,
                                                            "is_parallel": true,
                                                            "self": 0.004451699999998837
                                                        }
                                                    }
                                                },
                                                "UnityEnvironment.step": {
                                                    "total": 4.181599899999977,
                                                    "count": 356,
                                                    "is_parallel": true,
                                                    "self": 0.06225309999997286,
                                                    "children": {
                                                        "UnityEnvironment._generate_step_input": {
                                                            "total": 0.04999630000001254,
                                                            "count": 356,
                                                            "is_parallel": true,
                                                            "self": 0.04999630000001254
                                                        },
                                                        "communicator.exchange": {
                                                            "total": 3.885926400000007,
                                                            "count": 356,
                                                            "is_parallel": true,
                                                            "self": 3.885926400000007
                                                        },
                                                        "steps_from_proto": {
                                                            "total": 0.18342409999998477,
                                                            "count": 356,
                                                            "is_parallel": true,
                                                            "self": 0.03424159999998544,
                                                            "children": {
                                                                "_process_rank_one_or_two_observation": {
                                                                    "total": 0.14918249999999933,
                                                                    "count": 3560,
                                                                    "is_parallel": true,
                                                                    "self": 0.14918249999999933
                                                                }
                                                            }
                                                        }
                                                    }
                                                }
                                            }
                                        }
                                    }
                                }
                            }
                        },
                        "trainer_advance": {
                            "total": 0.29366040000001625,
                            "count": 356,
                            "self": 0.008929000000005516,
                            "children": {
                                "process_trajectory": {
                                    "total": 0.28473140000001074,
                                    "count": 356,
                                    "self": 0.28473140000001074
                                }
                            }
                        }
                    }
                },
                "TrainerController._save_models": {
                    "total": 0.23088599999999815,
                    "count": 1,
                    "self": 0.010619499999990012,
                    "children": {
                        "RLTrainer._checkpoint": {
                            "total": 0.22026650000000814,
                            "count": 1,