{
    "name": "root",
    "metadata": {
        "timer_format_version": "0.1.0",
        "start_time_seconds": "1706213008",
        "python_version": "3.9.13 (main, Oct 13 2022, 21:23:06) [MSC v.1916 64 bit (AMD64)]",
        "command_line_arguments": "C:\\Users\\vorgo\\anaconda3\\envs\\MLAgents\\Scripts\\mlagents-learn config/config.yaml --run-id=SimpledFirstTest06",
        "mlagents_version": "0.30.0",
        "mlagents_envs_version": "0.30.0",
        "communication_protocol_version": "1.5.0",
        "pytorch_version": "2.1.2+cpu",
        "numpy_version": "1.21.2",
        "end_time_seconds": "1706213126"
    },
    "total": 118.3760534,
    "count": 1,
    "self": 0.004822800000013672,
    "children": {
        "run_training.setup": {
            "total": 0.09003030000000001,
            "count": 1,
            "self": 0.09003030000000001
        },
        "TrainerController.start_learning": {
            "total": 118.2812003,
            "count": 1,
            "self": 0.0688542999999413,
            "children": {
                "TrainerController._reset_env": {
                    "total": 7.044842200000001,
                    "count": 1,
                    "self": 7.044842200000001
                },
                "TrainerController.advance": {
                    "total": 110.99440430000006,
                    "count": 4607,
                    "self": 0.07076620000013634,
                    "children": {
                        "env_step": {
                            "total": 106.91189529999997,
                            "count": 4607,
                            "self": 103.07145349999989,
                            "children": {
                                "SubprocessEnvManager._take_step": {
                                    "total": 3.7934710000000145,
                                    "count": 4607,
                                    "self": 0.2575889000000249,
                                    "children": {
                                        "TorchPolicy.evaluate": {
                                            "total": 3.5358820999999896,
                                            "count": 4607,
                                            "self": 3.5358820999999896
                                        }
                                    }
                                },
                                "workers": {
                                    "total": 0.046970800000067925,
                                    "count": 4606,
                                    "self": 0.0,
                                    "children": {
                                        "worker_root": {
                                            "total": 48.87482300000001,
                                            "count": 4606,
                                            "is_parallel": true,
                                            "self": 12.076731800000218,
                                            "children": {
                                                "steps_from_proto": {
                                                    "total": 0.0043911999999997064,
                                                    "count": 1,
                                                    "is_parallel": true,
                                                    "self": 9.859999999939362e-05,
                                                    "children": {
                                                        "_process_rank_one_or_two_observation": {
                                                            "total": 0.004292600000000313,
                                                            "count": 4,
                                                            "is_parallel": true,
                                                            "self": 0.004292600000000313
                                                        }
                                                    }
                                                },
                                                "UnityEnvironment.step": {
                                                    "total": 36.793699999999795,
                                                    "count": 4606,
                                                    "is_parallel": true,
                                                    "self": 0.4326748999997321,
                                                    "children": {
                                                        "UnityEnvironment._generate_step_input": {
                                                            "total": 0.4023549000000326,
                                                            "count": 4606,
                                                            "is_parallel": true,
                                                            "self": 0.4023549000000326
                                                        },
                                                        "communicator.exchange": {
                                                            "total": 34.88949489999989,
                                                            "count": 4606,
                                                            "is_parallel": true,
                                                            "self": 34.88949489999989
                                                        },
                                                        "steps_from_proto": {
                                                            "total": 1.0691753000001372,
                                                            "count": 4606,
                                                            "is_parallel": true,
                                                            "self": 0.2935396000002459,
                                                            "children": {
                                                                "_process_rank_one_or_two_observation": {
                                                                    "total": 0.7756356999998912,
                                                                    "count": 18424,
                                                                    "is_parallel": true,
                                                                    "self": 0.7756356999998912
                                                                }
                                                            }
                                                        }
                                                    }
                                                }
                                            }
                                        }
                                    }
                                }
                            }
                        },
                        "trainer_advance": {
                            "total": 4.011742799999956,
                            "count": 4606,
                            "self": 0.09335339999986125,
                            "children": {
                                "process_trajectory": {
                                    "total": 1.1415982000000966,
                                    "count": 4606,
                                    "self": 1.1415982000000966
                                },
                                "_update_policy": {
                                    "total": 2.776791199999998,
                                    "count": 2,
                                    "self": 1.946677000000001,
                                    "children": {
                                        "TorchPPOOptimizer.update": {
                                            "total": 0.830114199999997,
                                            "count": 60,